APPLICATION_NUMBER,WATER_RIGHT_TYPE
A000026,Appropriative
A001029,Appropriative
A001205,Appropriative
A001983,Appropriative
A002723,Appropriative
A002928,Appropriative
A003184,Appropriative
A003421,Appropriative
A003421,Appropriative
A003421,Appropriative
A003565,Appropriative
A003601,Appropriative
A003633,Appropriative
A004307,Appropriative
A004308,Appropriative
A004612,Appropriative
A004832,Appropriative
A005050,Appropriative
A006464,Appropriative
A006594,Appropriative
A006642,Appropriative
A006805A,Appropriative
A006854,Appropriative
A006854,Appropriative
A006855,Appropriative
A006926,Appropriative
A007006,Appropriative
A007006,Appropriative
A008974,Appropriative
A009376,Appropriative
A009746,Appropriative
A009774,Appropriative
A009832A,Appropriative
A009832B,Appropriative
A009868,Appropriative
A009992,Appropriative
A010795,Appropriative
A010915,Appropriative
A010915,Appropriative
A010976,Appropriative
A011315,Appropriative
A011327,Appropriative
A011383,Appropriative
A011566,Appropriative
A011566,Appropriative
A011846,Appropriative
A011859,Appropriative
A012034,Appropriative
A012100,Appropriative
A012232,Appropriative
A012330,Appropriative
A012452,Appropriative
A012483,Appropriative
A012509,Appropriative
A012510,Appropriative
A012510,Appropriative
A012525,Appropriative
A012773,Appropriative
A012850,Appropriative
A012877,Appropriative
A012877,Appropriative
A012919A,Appropriative
A012919A,Appropriative
A012919A,Appropriative
A012919A,Appropriative
A012919A,Appropriative
A012919A,Appropriative
A012919A,Appropriative
A012919A,Appropriative
A012919A,Appropriative
A012919A,Appropriative
A012919A,Appropriative
A012919A,Appropriative
A012919A,Appropriative
A012919A,Appropriative
A012919A,Appropriative
A012919A,Appropriative
A012919A,Appropriative
A012919A,Appropriative
A012919A,Appropriative
A012919A,Appropriative
A012919A,Appropriative
A012919A,Appropriative
A012919A,Appropriative
A012919A,Appropriative
A012919A,Appropriative
A012919A,Appropriative
A012919B,Appropriative
A012919B,Appropriative
A012919B,Appropriative
A012919B,Appropriative
A012919B,Appropriative
A012919B,Appropriative
A012919B,Appropriative
A012919B,Appropriative
A012919B,Appropriative
A012919B,Appropriative
A012919B,Appropriative
A012919B,Appropriative
A012919B,Appropriative
A012919B,Appropriative
A012919B,Appropriative
A012919B,Appropriative
A012919B,Appropriative
A012919B,Appropriative
A012919B,Appropriative
A012919B,Appropriative
A012919B,Appropriative
A012919B,Appropriative
A012919B,Appropriative
A012919B,Appropriative
A012919B,Appropriative
A012919B,Appropriative
A012919B,Appropriative
A012919B,Appropriative
A012919B,Appropriative
A012919B,Appropriative
A012919B,Appropriative
A012919B,Appropriative
A012919B,Appropriative
A012919B,Appropriative
A012919B,Appropriative
A012919B,Appropriative
A012919B,Appropriative
A012919B,Appropriative
A012919B,Appropriative
A012919B,Appropriative
A012919B,Appropriative
A012919B,Appropriative
A012919B,Appropriative
A012919B,Appropriative
A012919B,Appropriative
A012919B,Appropriative
A012919B,Appropriative
A012919B,Appropriative
A012919B,Appropriative
A012919B,Appropriative
A012919B,Appropriative
A012919B,Appropriative
A012919B,Appropriative
A012919B,Appropriative
A012919B,Appropriative
A012919B,Appropriative
A012919B,Appropriative
A012919B,Appropriative
A012919B,Appropriative
A012919B,Appropriative
A012919B,Appropriative
A012919B,Appropriative
A012919B,Appropriative
A012919B,Appropriative
A012919B,Appropriative
A012919B,Appropriative
A012919B,Appropriative
A012919B,Appropriative
A012919B,Appropriative
A012919B,Appropriative
A012919B,Appropriative
A012919B,Appropriative
A012919B,Appropriative
A012919B,Appropriative
A012919B,Appropriative
A012919B,Appropriative
A012919B,Appropriative
A012919B,Appropriative
A012919B,Appropriative
A012919B,Appropriative
A012919B,Appropriative
A012919B,Appropriative
A012919B,Appropriative
A012919B,Appropriative
A012919B,Appropriative
A012919B,Appropriative
A012919B,Appropriative
A012951,Appropriative
A012958,Appropriative
A013030A,Appropriative
A013030B,Appropriative
A013062,Appropriative
A013076,Appropriative
A013097,Appropriative
A013098,Appropriative
A013105,Appropriative
A013105,Appropriative
A013126A,Appropriative
A013126A,Appropriative
A013126A,Appropriative
A013126B,Appropriative
A013135,Appropriative
A013151,Appropriative
A013161,Appropriative
A013163,Appropriative
A013182A01,Appropriative
A013182A02,Appropriative
A013182B,Appropriative
A013217,Appropriative
A013217,Appropriative
A013217,Appropriative
A013217,Appropriative
A013217,Appropriative
A013217,Appropriative
A013217,Appropriative
A013217,Appropriative
A013217,Appropriative
A013217,Appropriative
A013217,Appropriative
A013221,Appropriative
A013256,Appropriative
A013256,Appropriative
A013261,Appropriative
A013267,Appropriative
A013267,Appropriative
A013268,Appropriative
A013269,Appropriative
A013270,Appropriative
A013277,Appropriative
A013281A01,Appropriative
A013281A02,Appropriative
A013281A03,Appropriative
A013281B,Appropriative
A013287,Appropriative
A013288,Appropriative
A013288,Appropriative
A013289,Appropriative
A013301,Appropriative
A013317,Appropriative
A013330,Appropriative
A013330,Appropriative
A013359,Appropriative
A013376,Appropriative
A013376,Appropriative
A013384,Appropriative
A013391,Appropriative
A013391,Appropriative
A013393,Appropriative
A013393,Appropriative
A013393,Appropriative
A013393,Appropriative
A013393,Appropriative
A013453,Appropriative
A013453,Appropriative
A013453,Appropriative
A013468,Appropriative
A013468,Appropriative
A013474,Appropriative
A013474,Appropriative
A013507,Appropriative
A013527,Appropriative
A013528,Appropriative
A013529,Appropriative
A013533,Appropriative
A013539,Appropriative
A013557,Appropriative
A013557,Appropriative
A013578,Appropriative
A013579,Appropriative
A013579,Appropriative
A013586,Appropriative
A013633,Appropriative
A013639,Appropriative
A013661,Appropriative
A013684A,Appropriative
A013684B,Appropriative
A013695,Appropriative
A013706,Appropriative
A013716,Appropriative
A013729,Appropriative
A013749,Appropriative
A013753,Appropriative
A013753,Appropriative
A013753,Appropriative
A013755,Appropriative
A013755,Appropriative
A013758,Appropriative
A013789,Appropriative
A013810,Appropriative
A013811,Appropriative
A013811,Appropriative
A013831,Appropriative
A013831,Appropriative
A013832,Appropriative
A013832,Appropriative
A013862,Appropriative
A013863,Appropriative
A013864,Appropriative
A013874,Appropriative
A013890,Appropriative
A013890,Appropriative
A013914,Appropriative
A013914,Appropriative
A013932,Appropriative
A013932,Appropriative
A013933,Appropriative
A013958,Appropriative
A013967,Appropriative
A013973,Appropriative
A013974,Appropriative
A013975,Appropriative
A013984,Appropriative
A013985,Appropriative
A013985,Appropriative
A013987,Appropriative
A013988,Appropriative
A013989,Appropriative
A014010,Appropriative
A014030,Appropriative
A014033,Appropriative
A014033,Appropriative
A014033,Appropriative
A014034,Appropriative
A014043,Appropriative
A014044A,Appropriative
A014044B,Appropriative
A014045,Appropriative
A014047,Appropriative
A014048,Appropriative
A014049,Appropriative
A014050A,Appropriative
A014050B,Appropriative
A014051,Appropriative
A014051,Appropriative
A014054,Appropriative
A014055,Appropriative
A014055,Appropriative
A014055,Appropriative
A014056,Appropriative
A014056,Appropriative
A014061,Appropriative
A014064,Appropriative
A014065,Appropriative
A014065,Appropriative
A014066,Appropriative
A014067,Appropriative
A014068,Appropriative
A014068,Appropriative
A014068,Appropriative
A014068,Appropriative
A014092,Appropriative
A014107,Appropriative
A014119,Appropriative
A014136,Appropriative
A014144,Appropriative
A014160,Appropriative
A014172,Appropriative
A014178,Appropriative
A014206,Appropriative
A014208,Appropriative
A014215,Appropriative
A014245,Appropriative
A014246,Appropriative
A014259A,Appropriative
A014304,Appropriative
A014333,Appropriative
A014333,Appropriative
A014333,Appropriative
A014339,Appropriative
A014339,Appropriative
A014364,Appropriative
A014379,Appropriative
A014379,Appropriative
A014393,Appropriative
A014459,Appropriative
A014466,Appropriative
A014467,Appropriative
A014492,Appropriative
A014513,Appropriative
A014539,Appropriative
A014543,Appropriative
A014604,Appropriative
A014624,Appropriative
A014624,Appropriative
A014624,Appropriative
A014666,Appropriative
A014715,Appropriative
A014720,Appropriative
A014735,Appropriative
A014747,Appropriative
A014749,Appropriative
A014750,Appropriative
A014762,Appropriative
A014767,Appropriative
A014777,Appropriative
A014777,Appropriative
A014797,Appropriative
A014826,Appropriative
A014841,Appropriative
A014842,Appropriative
A014855,Appropriative
A014856,Appropriative
A014870,Appropriative
A014872,Appropriative
A014875,Appropriative
A014875,Appropriative
A014875,Appropriative
A014875,Appropriative
A014880,Appropriative
A014904,Appropriative
A014916A,Appropriative
A014916B,Appropriative
A014925,Appropriative
A014942,Appropriative
A014966,Appropriative
A014966,Appropriative
A014997A,Appropriative
A014997B,Appropriative
A015075,Appropriative
A015120,Appropriative
A015154A,Appropriative
A015154B,Appropriative
A015157,Appropriative
A015157,Appropriative
A015158A,Appropriative
A015158B,Appropriative
A015168,Appropriative
A015187,Appropriative
A015187,Appropriative
A015194,Appropriative
A015233,Appropriative
A015233,Appropriative
A015237,Appropriative
A015277,Appropriative
A015299,Appropriative
A015314,Appropriative
A015329A,Appropriative
A015329B,Appropriative
A015348,Appropriative
A015370,Appropriative
A015397,Appropriative
A015397,Appropriative
A015399,Appropriative
A015437,Appropriative
A015515,Appropriative
A015521,Appropriative
A015603,Appropriative
A015610,Appropriative
A015624,Appropriative
A015663,Appropriative
A015664A,Appropriative
A015664B,Appropriative
A015664C,Appropriative
A015677,Appropriative
A015677,Appropriative
A015678,Appropriative
A015678,Appropriative
A015685,Appropriative
A015704,Appropriative
A015704,Appropriative
A015704,Appropriative
A015720,Appropriative
A015721,Appropriative
A015724,Appropriative
A015726,Appropriative
A015727,Appropriative
A015728A,Appropriative
A015728A,Appropriative
A015728B,Appropriative
A015728B,Appropriative
A015729,Appropriative
A015729,Appropriative
A015736,Appropriative
A015736,Appropriative
A015736,Appropriative
A015736,Appropriative
A015736,Appropriative
A015736,Appropriative
A015736,Appropriative
A015736,Appropriative
A015736,Appropriative
A015736,Appropriative
A015736,Appropriative
A015736,Appropriative
A015736,Appropriative
A015736,Appropriative
A015736,Appropriative
A015736,Appropriative
A015736,Appropriative
A015736,Appropriative
A015736,Appropriative
A015736,Appropriative
A015736,Appropriative
A015736,Appropriative
A015736,Appropriative
A015736,Appropriative
A015736,Appropriative
A015736,Appropriative
A015737,Appropriative
A015737,Appropriative
A015737,Appropriative
A015737,Appropriative
A015737,Appropriative
A015737,Appropriative
A015737,Appropriative
A015737,Appropriative
A015737,Appropriative
A015737,Appropriative
A015737,Appropriative
A015737,Appropriative
A015737,Appropriative
A015737,Appropriative
A015737,Appropriative
A015737,Appropriative
A015737,Appropriative
A015737,Appropriative
A015737,Appropriative
A015737,Appropriative
A015737,Appropriative
A015737,Appropriative
A015737,Appropriative
A015737,Appropriative
A015737,Appropriative
A015737,Appropriative
A015743,Appropriative
A015759,Appropriative
A015760,Appropriative
A015779,Appropriative
A015779,Appropriative
A015779,Appropriative
A015780,Appropriative
A015781,Appropriative
A015782,Appropriative
A015796,Appropriative
A015854,Appropriative
A015874,Appropriative
A015894,Appropriative
A015947,Appropriative
A015983,Appropriative
A015984,Appropriative
A016077,Appropriative
A016086,Appropriative
A016106,Appropriative
A016141,Appropriative
A016155,Appropriative
A016155,Appropriative
A016190,Appropriative
A016192,Appropriative
A016218,Appropriative
A016249,Appropriative
A016249,Appropriative
A016249,Appropriative
A016308,Appropriative
A016319,Appropriative
A016334,Appropriative
A016347,Appropriative
A016357,Appropriative
A016357,Appropriative
A016381,Appropriative
A016398,Appropriative
A016398,Appropriative
A016405,Appropriative
A016416,Appropriative
A016440,Appropriative
A016443,Appropriative
A016443,Appropriative
A016457,Appropriative
A016457,Appropriative
A016467,Appropriative
A016472,Appropriative
A016478,Appropriative
A016478,Appropriative
A016524,Appropriative
A016525,Appropriative
A016527,Appropriative
A016545,Appropriative
A016557,Appropriative
A016561,Appropriative
A016655,Appropriative
A016670,Appropriative
A016671,Appropriative
A016671,Appropriative
A016673,Appropriative
A016673,Appropriative
A016758,Appropriative
A016777,Appropriative
A016821,Appropriative
A016825,Appropriative
A016904,Appropriative
A016904,Appropriative
A016961,Appropriative
A016961,Appropriative
A016963,Appropriative
A016973,Appropriative
A016973,Appropriative
A017056,Appropriative
A017056,Appropriative
A017081,Appropriative
A017091A,Appropriative
A017091B,Appropriative
A017091C,Appropriative
A017098,Appropriative
A017100,Appropriative
A017121,Appropriative
A017121,Appropriative
A017121,Appropriative
A017121,Appropriative
A017145,Appropriative
A017232,Appropriative
A017237,Appropriative
A017240,Appropriative
A017263,Appropriative
A017271,Appropriative
A017366,Appropriative
A017366,Appropriative
A017477,Appropriative
A017479,Appropriative
A017508,Appropriative
A017551,Appropriative
A017587,Appropriative
A017587,Appropriative
A017622,Appropriative
A017624,Appropriative
A017632,Appropriative
A017632,Appropriative
A017632,Appropriative
A017642,Appropriative
A017689,Appropriative
A017717,Appropriative
A017745,Appropriative
A017795,Appropriative
A017833,Appropriative
A017868,Appropriative
A017871,Appropriative
A017881,Appropriative
A017885,Appropriative
A017911A,Appropriative
A017911A,Appropriative
A017911B,Appropriative
A017919,Appropriative
A017933,Appropriative
A017938,Appropriative
A017978,Appropriative
A017978,Appropriative
A017978,Appropriative
A017978,Appropriative
A017998,Appropriative
A017999,Appropriative
A018060,Appropriative
A018093A,Appropriative
A018093B,Appropriative
A018093B,Appropriative
A018127,Appropriative
A018138,Appropriative
A018138,Appropriative
A018192,Appropriative
A018200,Appropriative
A018235,Appropriative
A018241,Appropriative
A018241,Appropriative
A018274A,Appropriative
A018274B,Appropriative
A018277,Appropriative
A018328,Appropriative
A018392,Appropriative
A018392,Appropriative
A018392,Appropriative
A018392,Appropriative
A018522,Appropriative
A018648,Appropriative
A018649,Appropriative
A018736,Appropriative
A018835,Appropriative
A018843,Appropriative
A018849,Appropriative
A018948,Appropriative
A018958,Appropriative
A018963,Appropriative
A019013,Appropriative
A019071,Appropriative
A019089,Appropriative
A019089,Appropriative
A019135,Appropriative
A019140,Appropriative
A019140,Appropriative
A019200,Appropriative
A019241,Appropriative
A019336,Appropriative
A019339,Appropriative
A019339,Appropriative
A019351,Appropriative
A019351,Appropriative
A019351,Appropriative
A019351,Appropriative
A019351,Appropriative
A019351,Appropriative
A019351,Appropriative
A019351,Appropriative
A019351,Appropriative
A019351,Appropriative
A019351,Appropriative
A019351,Appropriative
A019351,Appropriative
A019351,Appropriative
A019351,Appropriative
A019351,Appropriative
A019351,Appropriative
A019351,Appropriative
A019351,Appropriative
A019351,Appropriative
A019351,Appropriative
A019351,Appropriative
A019351,Appropriative
A019422,Appropriative
A019427,Appropriative
A019444,Appropriative
A019470,Appropriative
A019470,Appropriative
A019515,Appropriative
A019554,Appropriative
A019554,Appropriative
A019554,Appropriative
A019554,Appropriative
A019557,Appropriative
A019642,Appropriative
A019649,Appropriative
A019652,Appropriative
A019720,Appropriative
A019722,Appropriative
A019729,Appropriative
A019798,Appropriative
A019806,Appropriative
A019891,Appropriative
A019921,Appropriative
A020005,Appropriative
A020015,Appropriative
A020071,Appropriative
A020078,Appropriative
A020078,Appropriative
A020089,Appropriative
A020100,Appropriative
A020114,Appropriative
A020127,Appropriative
A020129,Appropriative
A020134,Appropriative
A020134,Appropriative
A020134,Appropriative
A020147,Appropriative
A020261,Appropriative
A020264,Appropriative
A020333,Appropriative
A020382,Appropriative
A020382,Appropriative
A020382,Appropriative
A020384,Appropriative
A020401,Appropriative
A020435,Appropriative
A020436,Appropriative
A020491,Appropriative
A020491,Appropriative
A020493,Appropriative
A020509,Appropriative
A020540,Appropriative
A020540,Appropriative
A020540,Appropriative
A020540,Appropriative
A020540,Appropriative
A020557,Appropriative
A020573,Appropriative
A020582,Appropriative
A020583,Appropriative
A020584,Appropriative
A020624,Appropriative
A020634,Appropriative
A020654,Appropriative
A020657,Appropriative
A020662,Appropriative
A020720,Appropriative
A020728,Appropriative
A020729,Appropriative
A020733,Appropriative
A020769,Appropriative
A020788,Appropriative
A020791,Appropriative
A020798,Appropriative
A020813,Appropriative
A020846,Appropriative
A020870,Appropriative
A020872,Appropriative
A020896,Appropriative
A020901,Appropriative
A020907,Appropriative
A020919,Appropriative
A020920,Appropriative
A020951,Appropriative
A020953,Appropriative
A020963,Appropriative
A020979,Appropriative
A021015,Appropriative
A021052,Appropriative
A021076,Appropriative
A021081,Appropriative
A021106,Appropriative
A021121,Appropriative
A021126,Appropriative
A021127,Appropriative
A021148,Appropriative
A021156,Appropriative
A021187,Appropriative
A021191,Appropriative
A021202,Appropriative
A021210,Appropriative
A021233,Appropriative
A021235,Appropriative
A021245,Appropriative
A021271,Appropriative
A021345,Appropriative
A021355,Appropriative
A021360,Appropriative
A021419,Appropriative
A021429A,Appropriative
A021429A,Appropriative
A021429B,Appropriative
A021429B,Appropriative
A021429C,Appropriative
A021466,Appropriative
A021506,Appropriative
A021515,Appropriative
A021516,Appropriative
A021516,Appropriative
A021522,Appropriative
A021540,Appropriative
A021569,Appropriative
A021570,Appropriative
A021596,Appropriative
A021658,Appropriative
A021660,Appropriative
A021666,Appropriative
A021674,Appropriative
A021691,Appropriative
A021705,Appropriative
A021709,Appropriative
A021710,Appropriative
A021711,Appropriative
A021756,Appropriative
A021756,Appropriative
A021783A,Appropriative
A021783B,Appropriative
A021809,Appropriative
A021817,Appropriative
A021838,Appropriative
A021856,Appropriative
A021870,Appropriative
A021886,Appropriative
A021889,Appropriative
A021919,Appropriative
A021925,Appropriative
A021927,Appropriative
A021928,Appropriative
A021929,Appropriative
A021930,Appropriative
A021931,Appropriative
A021932,Appropriative
A021939,Appropriative
A021941,Appropriative
A021942,Appropriative
A021950,Appropriative
A021966,Appropriative
A021977,Appropriative
A022005B,Appropriative
A022038,Appropriative
A022070,Appropriative
A022079,Appropriative
A022090,Appropriative
A022141,Appropriative
A022145,Appropriative
A022151,Appropriative
A022151,Appropriative
A022151,Appropriative
A022151,Appropriative
A022188,Appropriative
A022208,Appropriative
A022237,Appropriative
A022273,Appropriative
A022277,Appropriative
A022306,Appropriative
A022319,Appropriative
A022342,Appropriative
A022348,Appropriative
A022359,Appropriative
A022378,Appropriative
A022426,Appropriative
A022431,Appropriative
A022431,Appropriative
A022431,Appropriative
A022432,Appropriative
A022433,Appropriative
A022445,Appropriative
A022496,Appropriative
A022498,Appropriative
A022523,Appropriative
A022565,Appropriative
A022583,Appropriative
A022608,Appropriative
A022614,Appropriative
A022615,Appropriative
A022623,Appropriative
A022652,Appropriative
A022661,Appropriative
A022667,Appropriative
A022667,Appropriative
A022692,Appropriative
A022692,Appropriative
A022702,Appropriative
A022732,Appropriative
A022745,Appropriative
A022767,Appropriative
A022767,Appropriative
A022802,Appropriative
A022802,Appropriative
A022807,Appropriative
A022815,Appropriative
A022824,Appropriative
A022870,Appropriative
A022881,Appropriative
A022919,Appropriative
A022929,Appropriative
A022962,Appropriative
A022993,Appropriative
A023027,Appropriative
A023035,Appropriative
A023039,Appropriative
A023039,Appropriative
A023040,Appropriative
A023040,Appropriative
A023040,Appropriative
A023058,Appropriative
A023067,Appropriative
A023077,Appropriative
A023077,Appropriative
A023086,Appropriative
A023092,Appropriative
A023094,Appropriative
A023098,Appropriative
A023144,Appropriative
A023163,Appropriative
A023165,Appropriative
A023173,Appropriative
A023212A,Appropriative
A023212B,Appropriative
A023213,Appropriative
A023250,Appropriative
A023255,Appropriative
A023282,Appropriative
A023290,Appropriative
A023297,Appropriative
A023326,Appropriative
A023328,Appropriative
A023337,Appropriative
A023337,Appropriative
A023338,Appropriative
A023339,Appropriative
A023387,Appropriative
A023399,Appropriative
A023408,Appropriative
A023446B,Appropriative
A023451,Appropriative
A023460,Appropriative
A023481,Appropriative
A023481,Appropriative
A023488,Appropriative
A023489,Appropriative
A023534A,Appropriative
A023534B,Appropriative
A023536,Appropriative
A023539,Appropriative
A023540,Appropriative
A023545,Appropriative
A023558,Appropriative
A023562,Appropriative
A023563,Appropriative
A023605,Appropriative
A023615,Appropriative
A023629,Appropriative
A023629,Appropriative
A023639,Appropriative
A023639,Appropriative
A023654A,Appropriative
A023654B,Appropriative
A023655,Appropriative
A023660,Appropriative
A023660,Appropriative
A023663,Appropriative
A023663,Appropriative
A023664,Appropriative
A023664,Appropriative
A023670,Appropriative
A023671,Appropriative
A023678,Appropriative
A023679,Appropriative
A023681,Appropriative
A023682,Appropriative
A023700,Appropriative
A023707,Appropriative
A023737,Appropriative
A023748,Appropriative
A023748,Appropriative
A023766,Appropriative
A023792,Appropriative
A023793,Appropriative
A023793,Appropriative
A023794,Appropriative
A023802,Appropriative
A023817,Appropriative
A023835,Appropriative
A023836,Appropriative
A023839,Appropriative
A023840,Appropriative
A023868,Appropriative
A023869,Appropriative
A023880,Appropriative
A023895,Appropriative
A023895,Appropriative
A023902,Appropriative
A023915,Appropriative
A023916,Appropriative
A023926A,Appropriative
A023926B,Appropriative
A023926B,Appropriative
A023949,Appropriative
A023998,Appropriative
A024004,Appropriative
A024010,Appropriative
A024013,Appropriative
A024013,Appropriative
A024013,Appropriative
A024013,Appropriative
A024013,Appropriative
A024014,Appropriative
A024017,Appropriative
A024025,Appropriative
A024028,Appropriative
A024028,Appropriative
A024028,Appropriative
A024044,Appropriative
A024050,Appropriative
A024051,Appropriative
A024051,Appropriative
A024053,Appropriative
A024056,Appropriative
A024101,Appropriative
A024104,Appropriative
A024104,Appropriative
A024126,Appropriative
A024130,Appropriative
A024130,Appropriative
A024130,Appropriative
A024139,Appropriative
A024140,Appropriative
A024141,Appropriative
A024141,Appropriative
A024163,Appropriative
A024173,Appropriative
A024205,Appropriative
A024209A,Appropriative
A024209A,Appropriative
A024209A,Appropriative
A024209B,Appropriative
A024209B,Appropriative
A024209B,Appropriative
A024223,Appropriative
A024238,Appropriative
A024247,Appropriative
A024266A,Appropriative
A024266B,Appropriative
A024268A,Appropriative
A024268A,Appropriative
A024268A,Appropriative
A024268A,Appropriative
A024268B,Appropriative
A024268B,Appropriative
A024268B,Appropriative
A024268B,Appropriative
A024269B,Appropriative
A024269B,Appropriative
A024270A,Appropriative
A024270A,Appropriative
A024270B,Appropriative
A024270B,Appropriative
A024271A,Appropriative
A024271B,Appropriative
A024300A,Appropriative
A024301,Appropriative
A024310A,Appropriative
A024310B,Appropriative
A024311A,Appropriative
A024311B,Appropriative
A024318,Appropriative
A024344,Appropriative
A024377,Appropriative
A024378,Appropriative
A024378,Appropriative
A024391,Appropriative
A024404,Appropriative
A024405,Appropriative
A024408,Appropriative
A024409,Appropriative
A024412,Appropriative
A024425,Appropriative
A024457,Appropriative
A024488,Appropriative
A024502,Appropriative
A024522A,Appropriative
A024522A,Appropriative
A024522B,Appropriative
A024522B,Appropriative
A024544,Appropriative
A024569,Appropriative
A024571A,Appropriative
A024571A,Appropriative
A024571A,Appropriative
A024571B,Appropriative
A024571B,Appropriative
A024571B,Appropriative
A024593A,Appropriative
A024593B,Appropriative
A024604,Appropriative
A024617,Appropriative
A024644,Appropriative
A024645,Appropriative
A024678B,Appropriative
A024682,Appropriative
A024688A,Appropriative
A024688B,Appropriative
A024691A,Appropriative
A024691A,Appropriative
A024691B,Appropriative
A024706,Appropriative
A024725,Appropriative
A024725,Appropriative
A024725,Appropriative
A024741,Appropriative
A024741,Appropriative
A024741,Appropriative
A024761,Appropriative
A024762A,Appropriative
A024762A,Appropriative
A024762A,Appropriative
A024762B,Appropriative
A024762B,Appropriative
A024762B,Appropriative
A024763B,Appropriative
A024764,Appropriative
A024774,Appropriative
A024780,Appropriative
A024782,Appropriative
A024782,Appropriative
A024782,Appropriative
A024783,Appropriative
A024784,Appropriative
A024789A,Appropriative
A024789B,Appropriative
A024789B,Appropriative
A024790A,Appropriative
A024791,Appropriative
A024805,Appropriative
A024807,Appropriative
A024817,Appropriative
A024820,Appropriative
A024827,Appropriative
A024854,Appropriative
A024864A,Appropriative
A024864A,Appropriative
A024864B,Appropriative
A024864B,Appropriative
A024865A01,Appropriative
A024865A02,Appropriative
A024865B,Appropriative
A024874,Appropriative
A024877,Appropriative
A024884,Appropriative
A024889,Appropriative
A024890,Appropriative
A024891,Appropriative
A024892A,Appropriative
A024892A,Appropriative
A024892A,Appropriative
A024892B,Appropriative
A024892B,Appropriative
A024893A,Appropriative
A024893A,Appropriative
A024893A,Appropriative
A024893B,Appropriative
A024893B,Appropriative
A024893B,Appropriative
A024894,Appropriative
A024894,Appropriative
A024894,Appropriative
A024894,Appropriative
A024894,Appropriative
A024898,Appropriative
A024898,Appropriative
A024899,Appropriative
A024899,Appropriative
A024905,Appropriative
A024909,Appropriative
A024912,Appropriative
A024919,Appropriative
A024921,Appropriative
A024929,Appropriative
A024929,Appropriative
A024931,Appropriative
A024932,Appropriative
A024935,Appropriative
A024946,Appropriative
A024951,Appropriative
A024951,Appropriative
A024955,Appropriative
A024955,Appropriative
A024955,Appropriative
A024958B,Appropriative
A024959,Appropriative
A024962,Appropriative
A024963,Appropriative
A024967,Appropriative
A024967,Appropriative
A024967,Appropriative
A024968A,Appropriative
A024968A,Appropriative
A024968A,Appropriative
A024968B,Appropriative
A024968B,Appropriative
A024968B,Appropriative
A024969B,Appropriative
A024969B,Appropriative
A024969B,Appropriative
A024972,Appropriative
A024993,Appropriative
A024993,Appropriative
A024995,Appropriative
A024996,Appropriative
A025005,Appropriative
A025010,Appropriative
A025012,Appropriative
A025015,Appropriative
A025019,Appropriative
A025025,Appropriative
A025025,Appropriative
A025025,Appropriative
A025028,Appropriative
A025032,Appropriative
A025036,Appropriative
A025052,Appropriative
A025065,Appropriative
A025070,Appropriative
A025084,Appropriative
A025087,Appropriative
A025088,Appropriative
A025110,Appropriative
A025123,Appropriative
A025125,Appropriative
A025137,Appropriative
A025154,Appropriative
A025154,Appropriative
A025157,Appropriative
A025201,Appropriative
A025207,Appropriative
A025222,Appropriative
A025268,Appropriative
A025282,Appropriative
A025298A,Appropriative
A025298B,Appropriative
A025301,Appropriative
A025325,Appropriative
A025334,Appropriative
A025344,Appropriative
A025344,Appropriative
A025363,Appropriative
A025367,Appropriative
A025393A,Appropriative
A025393B,Appropriative
A025394,Appropriative
A025405,Appropriative
A025524,Appropriative
A025524,Appropriative
A025583,Appropriative
A025596,Appropriative
A025600,Appropriative
A025623,Appropriative
A025674,Appropriative
A025682,Appropriative
A025691,Appropriative
A025694,Appropriative
A025740,Appropriative
A025740,Appropriative
A025749A,Appropriative
A025749A,Appropriative
A025749B,Appropriative
A025749B,Appropriative
A025762,Appropriative
A025773,Appropriative
A025822A,Appropriative
A025822B,Appropriative
A025823A01,Appropriative
A025823A01,Appropriative
A025823A02,Appropriative
A025823A03,Appropriative
A025823B,Appropriative
A025823B,Appropriative
A025830,Appropriative
A025831,Appropriative
A025850,Appropriative
A025850,Appropriative
A025869,Appropriative
A025887A,Appropriative
A025887A,Appropriative
A025887A,Appropriative
A025887A,Appropriative
A025887B,Appropriative
A025887B,Appropriative
A025887B,Appropriative
A025888A,Appropriative
A025888B,Appropriative
A025939,Appropriative
A025940,Appropriative
A025964,Appropriative
A025998,Appropriative
A026016,Appropriative
A026022A,Appropriative
A026022B,Appropriative
A026055A,Appropriative
A026055B,Appropriative
A026055B,Appropriative
A026079,Appropriative
A026110,Appropriative
A026111,Appropriative
A026111,Appropriative
A026113,Appropriative
A026143,Appropriative
A026181,Appropriative
A026182,Appropriative
A026183,Appropriative
A026184,Appropriative
A026201,Appropriative
A026224,Appropriative
A026224,Appropriative
A026225,Appropriative
A026228,Appropriative
A026233,Appropriative
A026240,Appropriative
A026240,Appropriative
A026241,Appropriative
A026241,Appropriative
A026250,Appropriative
A026298A,Appropriative
A026298A,Appropriative
A026298A,Appropriative
A026298A,Appropriative
A026298B,Appropriative
A026396,Appropriative
A026402,Appropriative
A026412,Appropriative
A026413,Appropriative
A026440,Appropriative
A026440,Appropriative
A026442,Appropriative
A026442,Appropriative
A026442,Appropriative
A026470,Appropriative
A026503,Appropriative
A026561,Appropriative
A026600,Appropriative
A026624,Appropriative
A026672,Appropriative
A026740,Appropriative
A026769,Appropriative
A026808,Appropriative
A026927,Appropriative
A026927,Appropriative
A026938,Appropriative
A026975,Appropriative
A026993,Appropriative
A027022,Appropriative
A027031,Appropriative
A027036,Appropriative
A027045,Appropriative
A027045,Appropriative
A027046,Appropriative
A027075,Appropriative
A027081,Appropriative
A027128,Appropriative
A027143,Appropriative
A027149,Appropriative
A027158,Appropriative
A027177,Appropriative
A027249,Appropriative
A027301,Appropriative
A027327,Appropriative
A027362,Appropriative
A027424,Appropriative
A027440,Appropriative
A027460,Appropriative
A027478,Appropriative
A027479,Appropriative
A027523,Appropriative
A027541,Appropriative
A027541,Appropriative
A027557,Appropriative
A027581,Appropriative
A027582,Appropriative
A027583,Appropriative
A027584,Appropriative
A027596,Appropriative
A027599,Appropriative
A027623,Appropriative
A027702,Appropriative
A027702,Appropriative
A027707,Appropriative
A027757,Appropriative
A027791,Appropriative
A027791,Appropriative
A027791,Appropriative
A027841,Appropriative
A027892,Appropriative
A027934,Appropriative
A027941,Appropriative
A027941,Appropriative
A027942,Appropriative
A027942,Appropriative
A027943,Appropriative
A027943,Appropriative
A027953,Appropriative
A027955,Appropriative
A027955,Appropriative
A027955,Appropriative
A027955,Appropriative
A027955,Appropriative
A027992,Appropriative
A028116,Appropriative
A028127,Appropriative
A028176,Appropriative
A028319,Appropriative
A028320,Appropriative
A028365,Appropriative
A028370,Appropriative
A028386,Appropriative
A028402,Appropriative
A028632,Appropriative
A028633,Appropriative
A028635,Appropriative
A028636,Appropriative
A028636,Appropriative
A028640,Appropriative
A028640,Appropriative
A028640,Appropriative
A028641,Appropriative
A028642,Appropriative
A028642,Appropriative
A028643,Appropriative
A028647,Appropriative
A028648,Appropriative
A028648,Appropriative
A028649,Appropriative
A028649,Appropriative
A028650,Appropriative
A028651,Appropriative
A028653,Appropriative
A028653,Appropriative
A028668,Appropriative
A028676,Appropriative
A028715,Appropriative
A028738,Appropriative
A028738,Appropriative
A028786,Appropriative
A028787,Appropriative
A028790,Appropriative
A028824,Appropriative
A028828,Appropriative
A028854,Appropriative
A028854,Appropriative
A028854,Appropriative
A028854,Appropriative
A028855,Appropriative
A028860,Appropriative
A028878,Appropriative
A028886,Appropriative
A028886,Appropriative
A028925,Appropriative
A028926,Appropriative
A028927,Appropriative
A028927,Appropriative
A029044,Appropriative
A029070,Appropriative
A029070,Appropriative
A029086,Appropriative
A029087,Appropriative
A029087,Appropriative
A029108,Appropriative
A029122,Appropriative
A029199,Appropriative
A029199,Appropriative
A029199,Appropriative
A029202,Appropriative
A029202,Appropriative
A029202,Appropriative
A029202,Appropriative
A029202,Appropriative
A029203,Appropriative
A029203,Appropriative
A029203,Appropriative
A029203,Appropriative
A029203,Appropriative
A029267,Appropriative
A029267,Appropriative
A029272,Appropriative
A029272,Appropriative
A029277,Appropriative
A029320,Appropriative
A029320,Appropriative
A029327,Appropriative
A029332,Appropriative
A029333,Appropriative
A029333,Appropriative
A029338,Appropriative
A029338,Appropriative
A029338,Appropriative
A029372,Appropriative
A029397,Appropriative
A029401,Appropriative
A029405,Appropriative
A029405,Appropriative
A029405,Appropriative
A029406,Appropriative
A029411,Appropriative
A029412,Appropriative
A029418,Appropriative
A029418,Appropriative
A029419,Appropriative
A029419,Appropriative
A029419,Appropriative
A029437,Appropriative
A029437,Appropriative
A029437,Appropriative
A029462,Appropriative
A029467,Appropriative
A029479,Appropriative
A029480,Appropriative
A029495,Appropriative
A029502,Appropriative
A029502,Appropriative
A029512,Appropriative
A029512,Appropriative
A029515,Appropriative
A029517,Appropriative
A029538,Appropriative
A029547,Appropriative
A029547,Appropriative
A029562,Appropriative
A029591,Appropriative
A029591,Appropriative
A029592,Appropriative
A029592,Appropriative
A029595,Appropriative
A029595,Appropriative
A029599,Appropriative
A029610,Appropriative
A029616,Appropriative
A029616,Appropriative
A029628,Appropriative
A029632,Appropriative
A029662,Appropriative
A029671,Appropriative
A029682,Appropriative
A029682,Appropriative
A029719,Appropriative
A029723,Appropriative
A029755,Appropriative
A029755,Appropriative
A029755,Appropriative
A029772,Appropriative
A029789,Appropriative
A029802,Appropriative
A029847,Appropriative
A029848,Appropriative
A029849,Appropriative
A029850,Appropriative
A029850,Appropriative
A029858,Appropriative
A029878,Appropriative
A029879,Appropriative
A029879,Appropriative
A029879,Appropriative
A029901,Appropriative
A029901,Appropriative
A029912,Appropriative
A029986,Appropriative
A029995,Appropriative
A030036,Appropriative
A030036,Appropriative
A030124,Appropriative
A030125,Appropriative
A030132,Appropriative
A030173,Appropriative
A030186,Appropriative
A030245,Appropriative
A030282,Appropriative
A030298,Appropriative
A030349,Appropriative
A030363,Appropriative
A030364,Appropriative
A030364,Appropriative
A030365,Appropriative
A030391,Appropriative
A030397,Appropriative
A030412,Appropriative
A030412,Appropriative
A030412,Appropriative
A030560,Appropriative
A030564,Appropriative
A030745,Appropriative
A030745,Appropriative
A030797,Appropriative
A030815,Appropriative
A030882,Appropriative
A030912,Appropriative
A030912,Appropriative
A030931,Appropriative
A030931,Appropriative
A030931,Appropriative
A030931,Appropriative
A030933,Appropriative
A031050,Appropriative
A031055,Appropriative
A031059,Appropriative
A031060,Appropriative
A031094,Appropriative
A031095,Appropriative
A031095,Appropriative
A031171,Appropriative
A031171,Appropriative
A031183,Appropriative
A031255,Appropriative
A031257,Appropriative
A031259,Appropriative
A031259,Appropriative
A031259,Appropriative
A031304,Appropriative
A031304,Appropriative
A031304,Appropriative
A031362,Appropriative
A031362,Appropriative
A031362,Appropriative
A031363,Appropriative
A031363,Appropriative
A031363,Appropriative
A031363,Appropriative
A031363,Appropriative
A031383,Appropriative
A031435,Appropriative
A031447,Appropriative
A031461,Appropriative
A031501,Appropriative
A031501,Appropriative
A031567,Appropriative
A031620,Appropriative
A031620,Appropriative
A031719,Appropriative
A031737,Appropriative
A031743,Appropriative
A031836,Appropriative
A031870,Appropriative
A031870,Appropriative
A031870,Appropriative
A031870,Appropriative
A031870,Appropriative
A031877,Appropriative
A031877,Appropriative
A031877,Appropriative
A031877,Appropriative
A032115,Appropriative
A032372,Appropriative
C000028,Stockpond
C000222,Stockpond
C000223,Stockpond
C000511,Stockpond
C000512,Stockpond
C001166,Stockpond
C001167,Stockpond
C001168,Stockpond
C001169,Stockpond
C001171,Stockpond
C001172,Stockpond
C001173,Stockpond
C001174,Stockpond
C001175,Stockpond
C001176,Stockpond
C001177,Stockpond
C001178,Stockpond
C001179,Stockpond
C001180,Stockpond
C001216,Stockpond
C001937,Stockpond
C002935,Stockpond
C002936,Stockpond
C003979,Stockpond
C003981,Stockpond
C004244,Stockpond
C004245,Stockpond
C005161,Stockpond
C005162,Stockpond
C005163,Stockpond
C005164,Stockpond
C005165,Stockpond
C005166,Stockpond
C005343,Stockpond
C005521,Stockpond
C005522,Stockpond
C005624,Stockpond
C005834,Stockpond
C006052,Stockpond
D029448,Registration Domestic
D029448,Registration Domestic
D029507,Registration Domestic
D029572,Registration Domestic
D029650,Registration Domestic
D029650,Registration Domestic
D029791,Registration Domestic
D029796,Registration Domestic
D029831,Registration Domestic
D029862,Registration Domestic
D030000,Registration Domestic
D030095,Registration Domestic
D030211,Registration Domestic
D030221,Registration Domestic
D030256,Registration Domestic
D030286,Registration Domestic
D030297,Registration Domestic
D030346,Registration Domestic
D030353,Registration Domestic
D030427,Registration Domestic
D030427,Registration Domestic
D030460,Registration Domestic
D030556,Registration Domestic
D030601,Registration Domestic
D030712,Registration Domestic
D030727,Registration Domestic
D030731,Registration Domestic
D030731,Registration Domestic
D030732,Registration Domestic
D030741,Registration Domestic
D030741,Registration Domestic
D030755,Registration Domestic
D030755,Registration Domestic
D030755,Registration Domestic
D030758,Registration Domestic
D030759,Registration Domestic
D030760,Registration Domestic
D030820,Registration Domestic
D030863,Registration Domestic
D030863,Registration Domestic
D030881,Registration Domestic
D030890,Registration Domestic
D030891,Registration Domestic
D030898,Registration Domestic
D030904,Registration Domestic
D030904,Registration Domestic
D030904,Registration Domestic
D030938,Registration Domestic
D030938,Registration Domestic
D030938,Registration Domestic
D030939,Registration Domestic
D030969,Registration Domestic
D030985,Registration Domestic
D031005,Registration Domestic
D031035,Registration Domestic
D031098,Registration Domestic
D031111,Registration Domestic
D031111,Registration Domestic
D031143,Registration Domestic
D031146,Registration Domestic
D031267,Registration Domestic
D031318,Registration Domestic
D031331,Registration Domestic
D031376,Registration Domestic
D031380,Registration Domestic
D031390,Registration Domestic
D031410,Registration Domestic
D031411,Registration Domestic
D031427,Registration Domestic
D031427,Registration Domestic
D031451,Registration Domestic
D031472,Registration Domestic
D031475,Registration Domestic
D031476,Registration Domestic
D031477,Registration Domestic
D031542,Registration Domestic
D031555,Registration Domestic
D031555,Registration Domestic
D031563,Registration Domestic
D031569,Registration Domestic
D031589,Registration Domestic
D031589,Registration Domestic
D031592,Registration Domestic
D031592,Registration Domestic
D031602,Registration Domestic
D031603,Registration Domestic
D031606,Registration Domestic
D031627,Registration Domestic
D031630,Registration Domestic
D031651,Registration Domestic
D031660,Registration Domestic
D031668,Registration Domestic
D031671,Registration Domestic
D031681,Registration Domestic
D031685,Registration Domestic
D031685,Registration Domestic
D031723,Registration Domestic
D031731,Registration Domestic
D031801,Registration Domestic
D031803,Registration Domestic
D031803,Registration Domestic
D031947,Registration Domestic
D032013,Registration Domestic
D032013,Registration Domestic
D032019,Registration Domestic
D032022,Registration Domestic
D032041,Registration Domestic
D032057,Registration Domestic
D032058,Registration Domestic
D032062,Registration Domestic
D032081,Registration Domestic
D032125,Registration Domestic
D032138,Registration Domestic
D032140,Registration Domestic
D032140,Registration Domestic
D032140,Registration Domestic
D032141,Registration Domestic
D032141,Registration Domestic
D032141,Registration Domestic
D032143,Registration Domestic
D032149,Registration Domestic
D032166,Registration Domestic
D032187,Registration Domestic
D032188,Registration Domestic
D032206,Registration Domestic
D032229,Registration Domestic
D032238,Registration Domestic
D032249,Registration Domestic
D032262,Registration Domestic
D032275,Registration Domestic
D032313,Registration Domestic
D032314,Registration Domestic
D032320,Registration Domestic
D032320,Registration Domestic
D032346,Registration Domestic
D032490,Registration Domestic
D032534,Registration Domestic
D032713,Registration Domestic
D032725,Registration Domestic
D032762,Registration Domestic
D032762,Registration Domestic
D032768,Registration Domestic
D032787,Registration Domestic
D032850,Registration Domestic
D032859,Registration Domestic
D032971,Registration Domestic
D032971,Registration Domestic
D032971,Registration Domestic
D032971,Registration Domestic
D033001,Registration Domestic
D033001,Registration Domestic
D033025,Registration Domestic
D033034,Registration Domestic
D033034,Registration Domestic
D033083,Registration Domestic
D033198,Registration Domestic
D033390,Registration Domestic
F003611S,Federal Claims
H031997,Registration Irrigation
H032009,Registration Irrigation
H032131,Registration Irrigation
H032331,Registration Irrigation
H032335,Registration Irrigation
H032345,Registration Irrigation
H032924,Registration Irrigation
H032924,Registration Irrigation
H033072,Registration Irrigation
H033201,Registration Irrigation
H033201,Registration Irrigation
H033302,Registration Irrigation
H033302,Registration Irrigation
H033340,Registration Irrigation
H033340,Registration Irrigation
H500244,Registration Cannabis
H500399,Registration Cannabis
H500399,Registration Cannabis
H500557,Registration Cannabis
H500616,Registration Cannabis
H500658,Registration Cannabis
H500658,Registration Cannabis
H500800,Registration Cannabis
H500832,Registration Cannabis
H500889,Registration Cannabis
H500889,Registration Cannabis
H501328,Registration Cannabis
H501353,Registration Cannabis
H501475,Registration Cannabis
H501505,Registration Cannabis
H501505,Registration Cannabis
H501505,Registration Cannabis
H501536,Registration Cannabis
H501536,Registration Cannabis
H501560,Registration Cannabis
H501586,Registration Cannabis
H501586,Registration Cannabis
H501640,Registration Cannabis
H501640,Registration Cannabis
H502560,Registration Cannabis
H502568,Registration Cannabis
H503876,Registration Cannabis
H504162,Registration Cannabis
H505765,Registration Cannabis
H505809,Registration Cannabis
H505968,Registration Cannabis
H505997,Registration Cannabis
H505997,Registration Cannabis
H506085,Registration Cannabis
H506085,Registration Cannabis
H506245,Registration Cannabis
H506245,Registration Cannabis
H506517,Registration Cannabis
H506517,Registration Cannabis
H506659,Registration Cannabis
H506659,Registration Cannabis
H507504,Registration Cannabis
H507549,Registration Cannabis
H507821,Registration Cannabis
H507877,Registration Cannabis
H508419,Registration Cannabis
H508419,Registration Cannabis
H509254,Registration Cannabis
H509523,Registration Cannabis
H510424,Registration Cannabis
H510424,Registration Cannabis
L031319,Registration Livestock
L031353,Registration Livestock
L031378,Registration Livestock
L031391,Registration Livestock
L031392,Registration Livestock
L031393,Registration Livestock
L031414,Registration Livestock
L031415A,Registration Livestock
L031415A,Registration Livestock
L031415A,Registration Livestock
L031415A,Registration Livestock
L031420,Registration Livestock
L031420,Registration Livestock
L031420,Registration Livestock
L031420,Registration Livestock
L031420,Registration Livestock
L031422,Registration Livestock
L031423,Registration Livestock
L031424,Registration Livestock
L031457,Registration Livestock
L031528,Registration Livestock
L031528,Registration Livestock
L031573,Registration Livestock
L031573,Registration Livestock
L031582,Registration Livestock
L031605,Registration Livestock
L031607,Registration Livestock
L031669,Registration Livestock
L031764,Registration Livestock
L031802,Registration Livestock
L031856,Registration Livestock
L031856,Registration Livestock
L031885,Registration Livestock
L031908,Registration Livestock
L032006,Registration Livestock
L032027,Registration Livestock
L032027,Registration Livestock
L032027,Registration Livestock
L032027,Registration Livestock
L032124,Registration Livestock
L032128,Registration Livestock
L032128,Registration Livestock
L032128,Registration Livestock
L032146,Registration Livestock
L032147,Registration Livestock
L032148,Registration Livestock
L032271,Registration Livestock
L032279,Registration Livestock
L032288,Registration Livestock
L032466,Registration Livestock
L032735,Registration Livestock
L032966,Registration Livestock
L033035,Registration Livestock
S000016,Statement of Div and Use
S000062,Statement of Div and Use
S000093,Statement of Div and Use
S000113,Statement of Div and Use
S000114,Statement of Div and Use
S000115,Statement of Div and Use
S000116,Statement of Div and Use
S000549,Statement of Div and Use
S000632,Statement of Div and Use
S000652,Statement of Div and Use
S000775,Statement of Div and Use
S001010,Statement of Div and Use
S001049,Statement of Div and Use
S001181,Statement of Div and Use
S002059,Statement of Div and Use
S002341,Statement of Div and Use
S002378,Statement of Div and Use
S002379,Statement of Div and Use
S002646,Statement of Div and Use
S002720,Statement of Div and Use
S002929,Statement of Div and Use
S003106,Statement of Div and Use
S004239,Statement of Div and Use
S004240,Statement of Div and Use
S004241,Statement of Div and Use
S004341,Statement of Div and Use
S004345,Statement of Div and Use
S004347,Statement of Div and Use
S004460,Statement of Div and Use
S004704,Statement of Div and Use
S004711,Statement of Div and Use
S004997,Statement of Div and Use
S005003,Statement of Div and Use
S005225,Statement of Div and Use
S005226,Statement of Div and Use
S006298,Statement of Div and Use
S006491,Statement of Div and Use
S008071,Statement of Div and Use
S008074,Statement of Div and Use
S008075,Statement of Div and Use
S008080,Statement of Div and Use
S008081,Statement of Div and Use
S008082,Statement of Div and Use
S008118,Statement of Div and Use
S008121,Statement of Div and Use
S008122,Statement of Div and Use
S008128,Statement of Div and Use
S008184,Statement of Div and Use
S008348,Statement of Div and Use
S008380,Statement of Div and Use
S008384,Statement of Div and Use
S008392,Statement of Div and Use
S008430,Statement of Div and Use
S008451,Statement of Div and Use
S008453,Statement of Div and Use
S008502,Statement of Div and Use
S008582,Statement of Div and Use
S008583,Statement of Div and Use
S008584,Statement of Div and Use
S008585,Statement of Div and Use
S008586,Statement of Div and Use
S008587,Statement of Div and Use
S008588,Statement of Div and Use
S008589,Statement of Div and Use
S008590,Statement of Div and Use
S008591,Statement of Div and Use
S008592,Statement of Div and Use
S008593,Statement of Div and Use
S008596,Statement of Div and Use
S008628,Statement of Div and Use
S008642,Statement of Div and Use
S008659,Statement of Div and Use
S008661,Statement of Div and Use
S008664,Statement of Div and Use
S008703,Statement of Div and Use
S008709,Statement of Div and Use
S008714,Statement of Div and Use
S008765,Statement of Div and Use
S008766,Statement of Div and Use
S008824,Statement of Div and Use
S008910,Statement of Div and Use
S009040,Statement of Div and Use
S009045,Statement of Div and Use
S009054,Statement of Div and Use
S009055,Statement of Div and Use
S009073,Statement of Div and Use
S009168,Statement of Div and Use
S009291,Statement of Div and Use
S009292,Statement of Div and Use
S009293,Statement of Div and Use
S009294,Statement of Div and Use
S009295,Statement of Div and Use
S009299,Statement of Div and Use
S009324,Statement of Div and Use
S009525,Statement of Div and Use
S009689,Statement of Div and Use
S009905,Statement of Div and Use
S010034,Statement of Div and Use
S010045,Statement of Div and Use
S010433,Statement of Div and Use
S010480,Statement of Div and Use
S010481,Statement of Div and Use
S010482,Statement of Div and Use
S010489,Statement of Div and Use
S010490,Statement of Div and Use
S010491,Statement of Div and Use
S010492,Statement of Div and Use
S010512,Statement of Div and Use
S010512,Statement of Div and Use
S010513,Statement of Div and Use
S010514,Statement of Div and Use
S010515,Statement of Div and Use
S010522,Statement of Div and Use
S010843,Statement of Div and Use
S010889,Statement of Div and Use
S010997,Statement of Div and Use
S010999,Statement of Div and Use
S011135,Statement of Div and Use
S011330,Statement of Div and Use
S011331,Statement of Div and Use
S012241,Statement of Div and Use
S012427,Statement of Div and Use
S012429,Statement of Div and Use
S012430,Statement of Div and Use
S012431,Statement of Div and Use
S012432,Statement of Div and Use
S012433,Statement of Div and Use
S012484,Statement of Div and Use
S012532,Statement of Div and Use
S012533,Statement of Div and Use
S012536,Statement of Div and Use
S012538,Statement of Div and Use
S012589,Statement of Div and Use
S012591,Statement of Div and Use
S012593,Statement of Div and Use
S012594,Statement of Div and Use
S012595,Statement of Div and Use
S012596,Statement of Div and Use
S012597,Statement of Div and Use
S012749,Statement of Div and Use
S012751,Statement of Div and Use
S012930,Statement of Div and Use
S013153,Statement of Div and Use
S013187,Statement of Div and Use
S013246,Statement of Div and Use
S013392,Statement of Div and Use
S013563,Statement of Div and Use
S013696,Statement of Div and Use
S013709,Statement of Div and Use
S013724,Statement of Div and Use
S013755,Statement of Div and Use
S013760,Statement of Div and Use
S013792,Statement of Div and Use
S013793,Statement of Div and Use
S013814,Statement of Div and Use
S013850,Statement of Div and Use
S013915,Statement of Div and Use
S013947,Statement of Div and Use
S013977,Statement of Div and Use
S013993,Statement of Div and Use
S013994,Statement of Div and Use
S013995,Statement of Div and Use
S013996,Statement of Div and Use
S014005,Statement of Div and Use
S014016,Statement of Div and Use
S014057,Statement of Div and Use
S014058,Statement of Div and Use
S014059,Statement of Div and Use
S014060,Statement of Div and Use
S014061,Statement of Div and Use
S014062,Statement of Div and Use
S014063,Statement of Div and Use
S014064,Statement of Div and Use
S014065,Statement of Div and Use
S014066,Statement of Div and Use
S014070,Statement of Div and Use
S014071,Statement of Div and Use
S014072,Statement of Div and Use
S014073,Statement of Div and Use
S014074,Statement of Div and Use
S014075,Statement of Div and Use
S014076,Statement of Div and Use
S014077,Statement of Div and Use
S014078,Statement of Div and Use
S014079,Statement of Div and Use
S014080,Statement of Div and Use
S014081,Statement of Div and Use
S014082,Statement of Div and Use
S014083,Statement of Div and Use
S014084,Statement of Div and Use
S014085,Statement of Div and Use
S014086,Statement of Div and Use
S014087,Statement of Div and Use
S014088,Statement of Div and Use
S014089,Statement of Div and Use
S014090,Statement of Div and Use
S014091,Statement of Div and Use
S014092,Statement of Div and Use
S014094,Statement of Div and Use
S014096,Statement of Div and Use
S014097,Statement of Div and Use
S014129,Statement of Div and Use
S014139,Statement of Div and Use
S014162,Statement of Div and Use
S014200,Statement of Div and Use
S014202,Statement of Div and Use
S014205,Statement of Div and Use
S014230,Statement of Div and Use
S014231,Statement of Div and Use
S014237,Statement of Div and Use
S014292,Statement of Div and Use
S014293,Statement of Div and Use
S014313,Statement of Div and Use
S014322,Statement of Div and Use
S014373,Statement of Div and Use
S014374,Statement of Div and Use
S014392,Statement of Div and Use
S014393,Statement of Div and Use
S014479,Statement of Div and Use
S014554,Statement of Div and Use
S014572,Statement of Div and Use
S014724,Statement of Div and Use
S014749,Statement of Div and Use
S014847,Statement of Div and Use
S014851,Statement of Div and Use
S014857,Statement of Div and Use
S014861,Statement of Div and Use
S014862,Statement of Div and Use
S014863,Statement of Div and Use
S014864,Statement of Div and Use
S014865,Statement of Div and Use
S014866,Statement of Div and Use
S014910,Statement of Div and Use
S014922,Statement of Div and Use
S014923,Statement of Div and Use
S014924,Statement of Div and Use
S014925,Statement of Div and Use
S014926,Statement of Div and Use
S014927,Statement of Div and Use
S014928,Statement of Div and Use
S014929,Statement of Div and Use
S014930,Statement of Div and Use
S014931,Statement of Div and Use
S014946,Statement of Div and Use
S014973,Statement of Div and Use
S014974,Statement of Div and Use
S014975,Statement of Div and Use
S014976,Statement of Div and Use
S014977,Statement of Div and Use
S014978,Statement of Div and Use
S014979,Statement of Div and Use
S014980,Statement of Div and Use
S014996,Statement of Div and Use
S014997,Statement of Div and Use
S015020,Statement of Div and Use
S015023,Statement of Div and Use
S015035,Statement of Div and Use
S015036,Statement of Div and Use
S015037,Statement of Div and Use
S015038,Statement of Div and Use
S015039,Statement of Div and Use
S015041,Statement of Div and Use
S015042,Statement of Div and Use
S015043,Statement of Div and Use
S015044,Statement of Div and Use
S015047,Statement of Div and Use
S015093,Statement of Div and Use
S015094,Statement of Div and Use
S015107,Statement of Div and Use
S015118,Statement of Div and Use
S015131,Statement of Div and Use
S015147,Statement of Div and Use
S015184,Statement of Div and Use
S015196,Statement of Div and Use
S015197,Statement of Div and Use
S015198,Statement of Div and Use
S015199,Statement of Div and Use
S015200,Statement of Div and Use
S015201,Statement of Div and Use
S015202,Statement of Div and Use
S015214,Statement of Div and Use
S015238,Statement of Div and Use
S015244,Statement of Div and Use
S015246,Statement of Div and Use
S015253,Statement of Div and Use
S015273,Statement of Div and Use
S015303,Statement of Div and Use
S015313,Statement of Div and Use
S015314,Statement of Div and Use
S015315,Statement of Div and Use
S015316,Statement of Div and Use
S015317,Statement of Div and Use
S015318,Statement of Div and Use
S015334,Statement of Div and Use
S015335,Statement of Div and Use
S015336,Statement of Div and Use
S015337,Statement of Div and Use
S015338,Statement of Div and Use
S015349,Statement of Div and Use
S015353,Statement of Div and Use
S015358,Statement of Div and Use
S015362,Statement of Div and Use
S015365,Statement of Div and Use
S015403,Statement of Div and Use
S015404,Statement of Div and Use
S015414,Statement of Div and Use
S015418,Statement of Div and Use
S015459,Statement of Div and Use
S015460,Statement of Div and Use
S015461,Statement of Div and Use
S015462,Statement of Div and Use
S015463,Statement of Div and Use
S015472,Statement of Div and Use
S015473,Statement of Div and Use
S015474,Statement of Div and Use
S015477,Statement of Div and Use
S015478,Statement of Div and Use
S015479,Statement of Div and Use
S015480,Statement of Div and Use
S015508,Statement of Div and Use
S015509,Statement of Div and Use
S015510,Statement of Div and Use
S015520,Statement of Div and Use
S015522,Statement of Div and Use
S015532,Statement of Div and Use
S015549,Statement of Div and Use
S015621,Statement of Div and Use
S015641,Statement of Div and Use
S015677,Statement of Div and Use
S015686,Statement of Div and Use
S015689,Statement of Div and Use
S015690,Statement of Div and Use
S015691,Statement of Div and Use
S015702,Statement of Div and Use
S015721,Statement of Div and Use
S015722,Statement of Div and Use
S015723,Statement of Div and Use
S015731,Statement of Div and Use
S015745,Statement of Div and Use
S015746,Statement of Div and Use
S015751,Statement of Div and Use
S015752,Statement of Div and Use
S015753,Statement of Div and Use
S015758,Statement of Div and Use
S015759,Statement of Div and Use
S015780,Statement of Div and Use
S015781,Statement of Div and Use
S015790,Statement of Div and Use
S015800,Statement of Div and Use
S015805,Statement of Div and Use
S015806,Statement of Div and Use
S015813,Statement of Div and Use
S015816,Statement of Div and Use
S015821,Statement of Div and Use
S015823,Statement of Div and Use
S015825,Statement of Div and Use
S015828,Statement of Div and Use
S015830,Statement of Div and Use
S015831,Statement of Div and Use
S015833,Statement of Div and Use
S015840,Statement of Div and Use
S015844,Statement of Div and Use
S015850,Statement of Div and Use
S015862,Statement of Div and Use
S015863,Statement of Div and Use
S015865,Statement of Div and Use
S015871,Statement of Div and Use
S015872,Statement of Div and Use
S015874,Statement of Div and Use
S015882,Statement of Div and Use
S015884,Statement of Div and Use
S015895,Statement of Div and Use
S015900,Statement of Div and Use
S015901,Statement of Div and Use
S015903,Statement of Div and Use
S015906,Statement of Div and Use
S015908,Statement of Div and Use
S015909,Statement of Div and Use
S015910,Statement of Div and Use
S015916,Statement of Div and Use
S015923,Statement of Div and Use
S015924,Statement of Div and Use
S015925,Statement of Div and Use
S015935,Statement of Div and Use
S015942,Statement of Div and Use
S015944,Statement of Div and Use
S015945,Statement of Div and Use
S015948,Statement of Div and Use
S015950,Statement of Div and Use
S015951,Statement of Div and Use
S015952,Statement of Div and Use
S015953,Statement of Div and Use
S015955,Statement of Div and Use
S015962,Statement of Div and Use
S015963,Statement of Div and Use
S015964,Statement of Div and Use
S015965,Statement of Div and Use
S015981,Statement of Div and Use
S015989,Statement of Div and Use
S015990,Statement of Div and Use
S015997,Statement of Div and Use
S016021,Statement of Div and Use
S016022,Statement of Div and Use
S016023,Statement of Div and Use
S016024,Statement of Div and Use
S016025,Statement of Div and Use
S016032,Statement of Div and Use
S016036,Statement of Div and Use
S016038,Statement of Div and Use
S016039,Statement of Div and Use
S016044,Statement of Div and Use
S016045,Statement of Div and Use
S016046,Statement of Div and Use
S016047,Statement of Div and Use
S016048,Statement of Div and Use
S016049,Statement of Div and Use
S016050,Statement of Div and Use
S016051,Statement of Div and Use
S016052,Statement of Div and Use
S016053,Statement of Div and Use
S016054,Statement of Div and Use
S016055,Statement of Div and Use
S016056,Statement of Div and Use
S016057,Statement of Div and Use
S016058,Statement of Div and Use
S016059,Statement of Div and Use
S016060,Statement of Div and Use
S016061,Statement of Div and Use
S016062,Statement of Div and Use
S016063,Statement of Div and Use
S016064,Statement of Div and Use
S016065,Statement of Div and Use
S016066,Statement of Div and Use
S016067,Statement of Div and Use
S016068,Statement of Div and Use
S016069,Statement of Div and Use
S016093,Statement of Div and Use
S016118,Statement of Div and Use
S016134,Statement of Div and Use
S016164,Statement of Div and Use
S016165,Statement of Div and Use
S016166,Statement of Div and Use
S016167,Statement of Div and Use
S016304,Statement of Div and Use
S016322,Statement of Div and Use
S016328,Statement of Div and Use
S016329,Statement of Div and Use
S016352,Statement of Div and Use
S016363,Statement of Div and Use
S016364,Statement of Div and Use
S016366,Statement of Div and Use
S016367,Statement of Div and Use
S016368,Statement of Div and Use
S016369,Statement of Div and Use
S016370,Statement of Div and Use
S016399,Statement of Div and Use
S016628,Statement of Div and Use
S016632,Statement of Div and Use
S016633,Statement of Div and Use
S016670,Statement of Div and Use
S016671,Statement of Div and Use
S016680,Statement of Div and Use
S016681,Statement of Div and Use
S016682,Statement of Div and Use
S016683,Statement of Div and Use
S016684,Statement of Div and Use
S016685,Statement of Div and Use
S016686,Statement of Div and Use
S016690,Statement of Div and Use
S016698,Statement of Div and Use
S016699,Statement of Div and Use
S016700,Statement of Div and Use
S016707,Statement of Div and Use
S016708,Statement of Div and Use
S016731,Statement of Div and Use
S016732,Statement of Div and Use
S016771,Statement of Div and Use
S016773,Statement of Div and Use
S016774,Statement of Div and Use
S016775,Statement of Div and Use
S016776,Statement of Div and Use
S016777,Statement of Div and Use
S016778,Statement of Div and Use
S016779,Statement of Div and Use
S016781,Statement of Div and Use
S016782,Statement of Div and Use
S016783,Statement of Div and Use
S016790,Statement of Div and Use
S016812,Statement of Div and Use
S016819,Statement of Div and Use
S016836,Statement of Div and Use
S016837,Statement of Div and Use
S016838,Statement of Div and Use
S016839,Statement of Div and Use
S016840,Statement of Div and Use
S016841,Statement of Div and Use
S016842,Statement of Div and Use
S016853,Statement of Div and Use
S016885,Statement of Div and Use
S016886,Statement of Div and Use
S016887,Statement of Div and Use
S016892,Statement of Div and Use
S016897,Statement of Div and Use
S016900,Statement of Div and Use
S016901,Statement of Div and Use
S016911,Statement of Div and Use
S017020,Statement of Div and Use
S017034,Statement of Div and Use
S017035,Statement of Div and Use
S017036,Statement of Div and Use
S017037,Statement of Div and Use
S017038,Statement of Div and Use
S017039,Statement of Div and Use
S017040,Statement of Div and Use
S017041,Statement of Div and Use
S017049,Statement of Div and Use
S017050,Statement of Div and Use
S017052,Statement of Div and Use
S017157,Statement of Div and Use
S017160,Statement of Div and Use
S017203,Statement of Div and Use
S017281,Statement of Div and Use
S017301,Statement of Div and Use
S017309,Statement of Div and Use
S017312,Statement of Div and Use
S017348,Statement of Div and Use
S017474,Statement of Div and Use
S017651,Statement of Div and Use
S017657,Statement of Div and Use
S017742,Statement of Div and Use
S017745,Statement of Div and Use
S017748,Statement of Div and Use
S017751,Statement of Div and Use
S017791,Statement of Div and Use
S017975,Statement of Div and Use
S017987,Statement of Div and Use
S017990,Statement of Div and Use
S017992,Statement of Div and Use
S017993,Statement of Div and Use
S017995,Statement of Div and Use
S018130,Statement of Div and Use
S018133,Statement of Div and Use
S018136,Statement of Div and Use
S018138,Statement of Div and Use
S018139,Statement of Div and Use
S018141,Statement of Div and Use
S018142,Statement of Div and Use
S018151,Statement of Div and Use
S018153,Statement of Div and Use
S018154,Statement of Div and Use
S018157,Statement of Div and Use
S018160,Statement of Div and Use
S018187,Statement of Div and Use
S018190,Statement of Div and Use
S018193,Statement of Div and Use
S018205,Statement of Div and Use
S018208,Statement of Div and Use
S018211,Statement of Div and Use
S018213,Statement of Div and Use
S018214,Statement of Div and Use
S018216,Statement of Div and Use
S018217,Statement of Div and Use
S018220,Statement of Div and Use
S018222,Statement of Div and Use
S018223,Statement of Div and Use
S018225,Statement of Div and Use
S018277,Statement of Div and Use
S018387,Statement of Div and Use
S018456,Statement of Div and Use
S018457,Statement of Div and Use
S018467,Statement of Div and Use
S018470,Statement of Div and Use
S018474,Statement of Div and Use
S018477,Statement of Div and Use
S018479,Statement of Div and Use
S018480,Statement of Div and Use
S018483,Statement of Div and Use
S018486,Statement of Div and Use
S018490,Statement of Div and Use
S018503,Statement of Div and Use
S018523,Statement of Div and Use
S018640,Statement of Div and Use
S018671,Statement of Div and Use
S018674,Statement of Div and Use
S018677,Statement of Div and Use
S018710,Statement of Div and Use
S018763,Statement of Div and Use
S018787,Statement of Div and Use
S019027,Statement of Div and Use
S019030,Statement of Div and Use
S019039,Statement of Div and Use
S019045,Statement of Div and Use
S019190,Statement of Div and Use
S019193,Statement of Div and Use
S019196,Statement of Div and Use
S019202,Statement of Div and Use
S019205,Statement of Div and Use
S019214,Statement of Div and Use
S019232,Statement of Div and Use
S019287,Statement of Div and Use
S019291,Statement of Div and Use
S019312,Statement of Div and Use
S019384,Statement of Div and Use
S019386,Statement of Div and Use
S019389,Statement of Div and Use
S019392,Statement of Div and Use
S019394,Statement of Div and Use
S019395,Statement of Div and Use
S019406,Statement of Div and Use
S019409,Statement of Div and Use
S019412,Statement of Div and Use
S019594,Statement of Div and Use
S019643,Statement of Div and Use
S019697,Statement of Div and Use
S019738,Statement of Div and Use
S019760,Statement of Div and Use
S019762,Statement of Div and Use
S019763,Statement of Div and Use
S019766,Statement of Div and Use
S019769,Statement of Div and Use
S019893,Statement of Div and Use
S019908,Statement of Div and Use
S019911,Statement of Div and Use
S019914,Statement of Div and Use
S019917,Statement of Div and Use
S019924,Statement of Div and Use
S019926,Statement of Div and Use
S019932,Statement of Div and Use
S019943,Statement of Div and Use
S019969,Statement of Div and Use
S019972,Statement of Div and Use
S020069,Statement of Div and Use
S020083,Statement of Div and Use
S020086,Statement of Div and Use
S020090,Statement of Div and Use
S020091,Statement of Div and Use
S020094,Statement of Div and Use
S020096,Statement of Div and Use
S020098,Statement of Div and Use
S020102,Statement of Div and Use
S020134,Statement of Div and Use
S020148,Statement of Div and Use
S020152,Statement of Div and Use
S020175,Statement of Div and Use
S020240,Statement of Div and Use
S020289,Statement of Div and Use
S020290,Statement of Div and Use
S020291,Statement of Div and Use
S020293,Statement of Div and Use
S020294,Statement of Div and Use
S020356,Statement of Div and Use
S020433,Statement of Div and Use
S020443,Statement of Div and Use
S020523,Statement of Div and Use
S020527,Statement of Div and Use
S020596,Statement of Div and Use
S020627,Statement of Div and Use
S020709,Statement of Div and Use
S020788,Statement of Div and Use
S020828,Statement of Div and Use
S021071,Statement of Div and Use
S021080,Statement of Div and Use
S021081,Statement of Div and Use
S021082,Statement of Div and Use
S021309,Statement of Div and Use
S021321,Statement of Div and Use
S021339,Statement of Div and Use
S021352,Statement of Div and Use
S021353,Statement of Div and Use
S021358,Statement of Div and Use
S021381,Statement of Div and Use
S021382,Statement of Div and Use
S021384,Statement of Div and Use
S021385,Statement of Div and Use
S021386,Statement of Div and Use
S021387,Statement of Div and Use
S021388,Statement of Div and Use
S021394,Statement of Div and Use
S021395,Statement of Div and Use
S021396,Statement of Div and Use
S021397,Statement of Div and Use
S021398,Statement of Div and Use
S021399,Statement of Div and Use
S021466,Statement of Div and Use
S021480,Statement of Div and Use
S021482,Statement of Div and Use
S021483,Statement of Div and Use
S021484,Statement of Div and Use
S021485,Statement of Div and Use
S021487,Statement of Div and Use
S021488,Statement of Div and Use
S021568,Statement of Div and Use
S021985,Statement of Div and Use
S021986,Statement of Div and Use
S021990,Statement of Div and Use
S021991,Statement of Div and Use
S021993,Statement of Div and Use
S021994,Statement of Div and Use
S021995,Statement of Div and Use
S021996,Statement of Div and Use
S021997,Statement of Div and Use
S021998,Statement of Div and Use
S021999,Statement of Div and Use
S022000,Statement of Div and Use
S022001,Statement of Div and Use
S022002,Statement of Div and Use
S022003,Statement of Div and Use
S022004,Statement of Div and Use
S022006,Statement of Div and Use
S022008,Statement of Div and Use
S022009,Statement of Div and Use
S022012,Statement of Div and Use
S022015,Statement of Div and Use
S022016,Statement of Div and Use
S022017,Statement of Div and Use
S022128,Statement of Div and Use
S022130,Statement of Div and Use
S022156,Statement of Div and Use
S022287,Statement of Div and Use
S022288,Statement of Div and Use
S022309,Statement of Div and Use
S022310,Statement of Div and Use
S022312,Statement of Div and Use
S022313,Statement of Div and Use
S022314,Statement of Div and Use
S022316,Statement of Div and Use
S022326,Statement of Div and Use
S022335,Statement of Div and Use
S022339,Statement of Div and Use
S022341,Statement of Div and Use
S022342,Statement of Div and Use
S022386,Statement of Div and Use
S022400,Statement of Div and Use
S022401,Statement of Div and Use
S022407,Statement of Div and Use
S022408,Statement of Div and Use
S022409,Statement of Div and Use
S022410,Statement of Div and Use
S022411,Statement of Div and Use
S022463,Statement of Div and Use
S022465,Statement of Div and Use
S022466,Statement of Div and Use
S022490,Statement of Div and Use
S022496,Statement of Div and Use
S022512,Statement of Div and Use
S022523,Statement of Div and Use
S022528,Statement of Div and Use
S022557,Statement of Div and Use
S022558,Statement of Div and Use
S022559,Statement of Div and Use
S022560,Statement of Div and Use
S022561,Statement of Div and Use
S022565,Statement of Div and Use
S022566,Statement of Div and Use
S022598,Statement of Div and Use
S022607,Statement of Div and Use
S022713,Statement of Div and Use
S022717,Statement of Div and Use
S022718,Statement of Div and Use
S022724,Statement of Div and Use
S022725,Statement of Div and Use
S022726,Statement of Div and Use
S022731,Statement of Div and Use
S022775,Statement of Div and Use
S022777,Statement of Div and Use
S022797,Statement of Div and Use
S022799,Statement of Div and Use
S022800,Statement of Div and Use
S022801,Statement of Div and Use
S022803,Statement of Div and Use
S022804,Statement of Div and Use
S022832,Statement of Div and Use
S022853,Statement of Div and Use
S022856,Statement of Div and Use
S022857,Statement of Div and Use
S022859,Statement of Div and Use
S022860,Statement of Div and Use
S022861,Statement of Div and Use
S022862,Statement of Div and Use
S022864,Statement of Div and Use
S022865,Statement of Div and Use
S022867,Statement of Div and Use
S022868,Statement of Div and Use
S022869,Statement of Div and Use
S022870,Statement of Div and Use
S022877,Statement of Div and Use
S022879,Statement of Div and Use
S022882,Statement of Div and Use
S022886,Statement of Div and Use
S022889,Statement of Div and Use
S022890,Statement of Div and Use
S022895,Statement of Div and Use
S022914,Statement of Div and Use
S023005,Statement of Div and Use
S023022,Statement of Div and Use
S023120,Statement of Div and Use
S023121,Statement of Div and Use
S023451,Statement of Div and Use
S023462,Statement of Div and Use
S023470,Statement of Div and Use
S023512,Statement of Div and Use
S023513,Statement of Div and Use
S023514,Statement of Div and Use
S023515,Statement of Div and Use
S023678,Statement of Div and Use
S023680,Statement of Div and Use
S023681,Statement of Div and Use
S023682,Statement of Div and Use
S023685,Statement of Div and Use
S023687,Statement of Div and Use
S023695,Statement of Div and Use
S023696,Statement of Div and Use
S023697,Statement of Div and Use
S023707,Statement of Div and Use
S023711,Statement of Div and Use
S023712,Statement of Div and Use
S023728,Statement of Div and Use
S023729,Statement of Div and Use
S023849,Statement of Div and Use
S023862,Statement of Div and Use
S023869,Statement of Div and Use
S023870,Statement of Div and Use
S023888,Statement of Div and Use
S023896,Statement of Div and Use
S023897,Statement of Div and Use
S023932,Statement of Div and Use
S023954,Statement of Div and Use
S023955,Statement of Div and Use
S023959,Statement of Div and Use
S023960,Statement of Div and Use
S023995,Statement of Div and Use
S023996,Statement of Div and Use
S023997,Statement of Div and Use
S024097,Statement of Div and Use
S024104,Statement of Div and Use
S024131,Statement of Div and Use
S024188,Statement of Div and Use
S024229,Statement of Div and Use
S024280,Statement of Div and Use
S024349,Statement of Div and Use
S024370,Statement of Div and Use
S024372,Statement of Div and Use
S024404,Statement of Div and Use
S024405,Statement of Div and Use
S024410,Statement of Div and Use
S024427,Statement of Div and Use
S024444,Statement of Div and Use
S024445,Statement of Div and Use
S024452,Statement of Div and Use
S024464,Statement of Div and Use
S024466,Statement of Div and Use
S024467,Statement of Div and Use
S024481,Statement of Div and Use
S024495,Statement of Div and Use
S024509,Statement of Div and Use
S024511,Statement of Div and Use
S024512,Statement of Div and Use
S024513,Statement of Div and Use
S024526,Statement of Div and Use
S024552,Statement of Div and Use
S024597,Statement of Div and Use
S024621,Statement of Div and Use
S024681,Statement of Div and Use
S024682,Statement of Div and Use
S024683,Statement of Div and Use
S024728,Statement of Div and Use
S024769,Statement of Div and Use
S024770,Statement of Div and Use
S024858,Statement of Div and Use
S025029,Statement of Div and Use
S025042,Statement of Div and Use
S025066,Statement of Div and Use
S025197,Statement of Div and Use
S025227,Statement of Div and Use
S025228,Statement of Div and Use
S025235,Statement of Div and Use
S025236,Statement of Div and Use
S025237,Statement of Div and Use
S025242,Statement of Div and Use
S025243,Statement of Div and Use
S025250,Statement of Div and Use
S025251,Statement of Div and Use
S025263,Statement of Div and Use
S025270,Statement of Div and Use
S025300,Statement of Div and Use
S025301,Statement of Div and Use
S025305,Statement of Div and Use
S025343,Statement of Div and Use
S025344,Statement of Div and Use
S025345,Statement of Div and Use
S025346,Statement of Div and Use
S025354,Statement of Div and Use
S025398,Statement of Div and Use
S025401,Statement of Div and Use
S025471,Statement of Div and Use
S025479,Statement of Div and Use
S025481,Statement of Div and Use
S025482,Statement of Div and Use
S025485,Statement of Div and Use
S025486,Statement of Div and Use
S025487,Statement of Div and Use
S025489,Statement of Div and Use
S025553,Statement of Div and Use
S025576,Statement of Div and Use
S025590,Statement of Div and Use
S025594,Statement of Div and Use
S025611,Statement of Div and Use
S025675,Statement of Div and Use
S025689,Statement of Div and Use
S025690,Statement of Div and Use
S025698,Statement of Div and Use
S025702,Statement of Div and Use
S025703,Statement of Div and Use
S025714,Statement of Div and Use
S025769,Statement of Div and Use
S025778,Statement of Div and Use
S025784,Statement of Div and Use
S025792,Statement of Div and Use
S025816,Statement of Div and Use
S025818,Statement of Div and Use
S025827,Statement of Div and Use
S025833,Statement of Div and Use
S025834,Statement of Div and Use
S025847,Statement of Div and Use
S025883,Statement of Div and Use
S025888,Statement of Div and Use
S025889,Statement of Div and Use
S025890,Statement of Div and Use
S025891,Statement of Div and Use
S025893,Statement of Div and Use
S025957,Statement of Div and Use
S026037,Statement of Div and Use
S026053,Statement of Div and Use
S026054,Statement of Div and Use
S026091,Statement of Div and Use
S026123,Statement of Div and Use
S026214,Statement of Div and Use
S026217,Statement of Div and Use
S026284,Statement of Div and Use
S026323,Statement of Div and Use
S026346,Statement of Div and Use
S026348,Statement of Div and Use
S026464,Statement of Div and Use
S026496,Statement of Div and Use
S026514,Statement of Div and Use
S026633,Statement of Div and Use
S026639,Statement of Div and Use
S026643,Statement of Div and Use
S026644,Statement of Div and Use
S026645,Statement of Div and Use
S026652,Statement of Div and Use
S026656,Statement of Div and Use
S026678,Statement of Div and Use
S026687,Statement of Div and Use
S026690,Statement of Div and Use
S026692,Statement of Div and Use
S026695,Statement of Div and Use
S026735,Statement of Div and Use
S026745,Statement of Div and Use
S026754,Statement of Div and Use
S026781,Statement of Div and Use
S026792,Statement of Div and Use
S026794,Statement of Div and Use
S026797,Statement of Div and Use
S026853,Statement of Div and Use
S026879,Statement of Div and Use
S026889,Statement of Div and Use
S026903,Statement of Div and Use
S026905,Statement of Div and Use
S026919,Statement of Div and Use
S026934,Statement of Div and Use
S026992,Statement of Div and Use
S027032,Statement of Div and Use
S027035,Statement of Div and Use
S027081,Statement of Div and Use
S027088,Statement of Div and Use
S027089,Statement of Div and Use
S027090,Statement of Div and Use
S027091,Statement of Div and Use
S027137,Statement of Div and Use
S027159,Statement of Div and Use
S027190,Statement of Div and Use
S027251,Statement of Div and Use
S027297,Statement of Div and Use
S027304,Statement of Div and Use
S027305,Statement of Div and Use
S027329,Statement of Div and Use
S027330,Statement of Div and Use
S027331,Statement of Div and Use
S027371,Statement of Div and Use
S027372,Statement of Div and Use
S027379,Statement of Div and Use
S027382,Statement of Div and Use
S027385,Statement of Div and Use
S027405,Statement of Div and Use
S027413,Statement of Div and Use
S027435,Statement of Div and Use
S027438,Statement of Div and Use
S027456,Statement of Div and Use
S027487,Statement of Div and Use
S027491,Statement of Div and Use
S027500,Statement of Div and Use
S027502,Statement of Div and Use
S027519,Statement of Div and Use
S027572,Statement of Div and Use
S027597,Statement of Div and Use
S027620,Statement of Div and Use
S027644,Statement of Div and Use
S027648,Statement of Div and Use
S027650,Statement of Div and Use
S027654,Statement of Div and Use
S027664,Statement of Div and Use
S027747,Statement of Div and Use
S027768,Statement of Div and Use
S027791,Statement of Div and Use
S027799,Statement of Div and Use
S027851,Statement of Div and Use
S027865,Statement of Div and Use
S027883,Statement of Div and Use
S027894,Statement of Div and Use
S027934,Statement of Div and Use
S027965,Statement of Div and Use
S027969,Statement of Div and Use
S027997,Statement of Div and Use
S028009,Statement of Div and Use
S028034,Statement of Div and Use
S028035,Statement of Div and Use
S028079,Statement of Div and Use
S028118,Statement of Div and Use
S028233,Statement of Div and Use
S028257,Statement of Div and Use
S028258,Statement of Div and Use
S028280,Statement of Div and Use
S028289,Statement of Div and Use
S028299,Statement of Div and Use
S028307,Statement of Div and Use
S028309,Statement of Div and Use
S028323,Statement of Div and Use
S028355,Statement of Div and Use
S028364,Statement of Div and Use
S028394,Statement of Div and Use
S028502,Statement of Div and Use
S028726,Statement of Div and Use
S028757,Statement of Div and Use
S028858,Statement of Div and Use
S028862,Statement of Div and Use
S028867,Statement of Div and Use
S028872,Statement of Div and Use
S028882,Statement of Div and Use
S028902,Statement of Div and Use
S028911,Statement of Div and Use
S028937,Statement of Div and Use
S028940,Statement of Div and Use
